--- ADDING FAKE DATA
ALTER SESSION SET nls_date_format='yyyy-mm-dd';

INSERT INTO PROPERTY (PROPERTYID, OWNERID, RENTPERMONTH, AVAILABLEFROM, AVAILABLETILL, TOTALAREA, PLINTHAREA, NOOFFLOORS, YEAROFCONSTRUCTION, LOCALITY, ADDRESS, ANNUALHIKE, RESIDENTIAL, NOOFBEDROOMS) VALUES (1, '987654321012', 15000, '2023-05-01', '2023-10-31', 1000, 800, 2, 2010, 'Koramangala', '123, 4th Main Road', 5, 1, 2);
INSERT INTO PROPERTY (PROPERTYID, OWNERID, RENTPERMONTH, AVAILABLEFROM, AVAILABLETILL, TOTALAREA, PLINTHAREA, NOOFFLOORS, YEAROFCONSTRUCTION, LOCALITY, ADDRESS, ANNUALHIKE, RESIDENTIAL, NOOFBEDROOMS) VALUES (2, '135792468024', 25000, '2023-06-01', '2024-06-01', 2000, 1500, 3, 2015, 'Indiranagar', '456, 2nd Cross Road', 7, 1, 3);
INSERT INTO PROPERTY (PROPERTYID, OWNERID, RENTPERMONTH, AVAILABLEFROM, AVAILABLETILL, TOTALAREA, PLINTHAREA, NOOFFLOORS, YEAROFCONSTRUCTION, LOCALITY, ADDRESS, ANNUALHIKE, RESIDENTIAL, NOOFBEDROOMS) VALUES (3, '987654321012', 10000, '2023-04-15', '2023-10-15', 800, 600, 1, 2005, 'Jayanagar', '789, 5th Main Road', 4, 1, 1);
INSERT INTO PROPERTY (PROPERTYID, OWNERID, RENTPERMONTH, AVAILABLEFROM, AVAILABLETILL, TOTALAREA, PLINTHAREA, NOOFFLOORS, YEAROFCONSTRUCTION, LOCALITY, ADDRESS, ANNUALHIKE, RESIDENTIAL, NOOFBEDROOMS) VALUES (4, '246801357035', 12000, '2023-05-15', '2023-11-15', 600, 500, 1, 2000, 'BTM Layout', '101, 5th Main Road', 3, 1, 1);
INSERT INTO PROPERTY (PROPERTYID, OWNERID, RENTPERMONTH, AVAILABLEFROM, AVAILABLETILL, TOTALAREA, PLINTHAREA, NOOFFLOORS, YEAROFCONSTRUCTION, LOCALITY, ADDRESS, ANNUALHIKE, RESIDENTIAL, NOOFBEDROOMS) VALUES (5, '987654321012', 18000, '2023-06-01', '2023-12-01', 1200, 1000, 2, 2012, 'HSR Layout', '202, 6th Cross Road', 6, 1, 2);
INSERT INTO PROPERTY (PROPERTYID, OWNERID, RENTPERMONTH, AVAILABLEFROM, AVAILABLETILL, TOTALAREA, PLINTHAREA, NOOFFLOORS, YEAROFCONSTRUCTION, LOCALITY, ADDRESS, ANNUALHIKE, RESIDENTIAL, NOOFBEDROOMS) VALUES (6, '975310246057', 30000, '2023-05-01', '2024-05-01', 2500, 2000, 4, 2018, 'Whitefield', '303, 7th Main Road', 8, 1, 3);

INSERT INTO USERS (AADHARID, LOGINID, LOGINPASSWORD, NAME, AGE, DOORNO, PINCODE, STREET, ISMANAGER, ISDBA) VALUES ('123456789012', 'johnsmith', 'password', 'John Smith', 35, 123, 560001, 'MG Road', 1, 0);
INSERT INTO USERS (AADHARID, LOGINID, LOGINPASSWORD, NAME, AGE, DOORNO, PINCODE, STREET, ISMANAGER, ISDBA) VALUES ('987654321012', 'janesmith', 'password', 'Jane Smith', 32, 456, 560002, 'Brigade Road', 0, 0);
INSERT INTO USERS (AADHARID, LOGINID, LOGINPASSWORD, NAME, AGE, DOORNO, PINCODE, STREET, ISMANAGER, ISDBA) VALUES ('246810121416', 'bobdoe', 'password', 'Bob Doe', 28, 789, 560003, 'Church Street', 0, 1);
INSERT INTO USERS (AADHARID, LOGINID, LOGINPASSWORD, NAME, AGE, DOORNO, PINCODE, STREET, ISMANAGER, ISDBA) VALUES ('135792468024', 'amysmith', 'password', 'Amy Smith', 29, 111, 560004, 'Residency Road', 0, 0);
INSERT INTO USERS (AADHARID, LOGINID, LOGINPASSWORD, NAME, AGE, DOORNO, PINCODE, STREET, ISMANAGER, ISDBA) VALUES ('246801357035', 'daviddoe', 'password', 'David Doe', 40, 222, 560005, 'Commercial Street', 1, 0);
INSERT INTO USERS (AADHARID, LOGINID, LOGINPASSWORD, NAME, AGE, DOORNO, PINCODE, STREET, ISMANAGER, ISDBA) VALUES ('975310246057', 'caroljohnson', 'password', 'Carol Johnson', 28, 333, 560006, 'Brindavan Layout', 0, 0);

INSERT INTO USERSPHONENUMBERS (AADHARID, PHONENUMBER) VALUES ('123456789012', 9876543210);
INSERT INTO USERSPHONENUMBERS (AADHARID, PHONENUMBER) VALUES ('123456789012', 9988776655);
INSERT INTO USERSPHONENUMBERS (AADHARID, PHONENUMBER) VALUES ('987654321012', 9988776654);
INSERT INTO USERSPHONENUMBERS (AADHARID, PHONENUMBER) VALUES ('246810121416', 9944556677);
INSERT INTO USERSPHONENUMBERS (AADHARID, PHONENUMBER) VALUES ('135792468024', 9887766554);
INSERT INTO USERSPHONENUMBERS (AADHARID, PHONENUMBER) VALUES ('246801357035', 9977554433);
INSERT INTO USERSPHONENUMBERS (AADHARID, PHONENUMBER) VALUES ('246801357035', 9966332211);
INSERT INTO USERSPHONENUMBERS (AADHARID, PHONENUMBER) VALUES ('975310246057', 9955223344);

INSERT INTO TENANTSHIP (RENTEDPROPERTYID, STARTDATE, ENDDATE, TENANTID, RENTPERMONTH, YEARLYHIKE, AGENCYCOMMISSION) VALUES (1, '2023-05-01', '2023-10-31', '123456789012', 15000, 5, 1);
INSERT INTO TENANTSHIP (RENTEDPROPERTYID, STARTDATE, ENDDATE, TENANTID, RENTPERMONTH, YEARLYHIKE, AGENCYCOMMISSION) VALUES (2, '2023-06-01', '2024-06-01', '987654321012', 25000, 7, 2);
INSERT INTO TENANTSHIP (RENTEDPROPERTYID, STARTDATE, ENDDATE, TENANTID, RENTPERMONTH, YEARLYHIKE, AGENCYCOMMISSION) VALUES (3, '2023-04-15', '2023-10-15', '246810121416', 10000, 4, 1);
INSERT INTO TENANTSHIP (RENTEDPROPERTYID, STARTDATE, ENDDATE, TENANTID, RENTPERMONTH, YEARLYHIKE, AGENCYCOMMISSION) VALUES (4, '2023-05-15', '2023-11-15', '135792468024', 12000, 3, 1);
INSERT INTO TENANTSHIP (RENTEDPROPERTYID, STARTDATE, ENDDATE, TENANTID, RENTPERMONTH, YEARLYHIKE, AGENCYCOMMISSION) VALUES (5, '2023-06-01', '2023-12-01', '246801357035', 18000, 6, 2);
INSERT INTO TENANTSHIP (RENTEDPROPERTYID, STARTDATE, ENDDATE, TENANTID, RENTPERMONTH, YEARLYHIKE, AGENCYCOMMISSION) VALUES (6, '2023-05-01', '2024-05-01', '975310246057', 30000, 8, 3);


--- ADDING KEYS
ALTER TABLE TENANTSHIP ADD CONSTRAINT TENANTSHIPPROPERTYFK FOREIGN KEY (RENTEDPROPERTYID) REFERENCES PROPERTY(PROPERTYID);

ALTER TABLE TENANTSHIP ADD CONSTRAINT TENANTSHIPPROPERTYUSERFK FOREIGN KEY (TENANTID) REFERENCES USERS(AADHARID);

ALTER TABLE PROPERTY ADD CONSTRAINT PROPERTYUSERSFK FOREIGN KEY (OWNERID) REFERENCES USERS(AADHARID);

ALTER TABLE USERSPHONENUMBERS ADD CONSTRAINT USERSPHONENUMBERSUSERSFK FOREIGN KEY (AADHARID) REFERENCES USERS(AADHARID);

ALTER TABLE USERSPHONENUMBERS ADD CONSTRAINT USERSPHONENUMBERSPK PRIMARY KEY (AADHARID, PHONENUMBER);
